{"loss": 1.2155301570892334, "lr": 1.0000000000000017e-32, "_timestamp": 1714895016.679928, "_runtime": 180.38751196861267, "_step": 5, "val_accuracy": 0.4449116904962153, "_wandb": {"runtime": 187}}