{"loss": 0.36835336685180664, "lr": 0.0001, "_timestamp": 1714907260.4775658, "_runtime": 5546.918792724609, "_step": 199, "val_accuracy": 0.8990748528174937, "_wandb": {"runtime": 5551}}