{"loss": 0.37403613328933716, "lr": 0.00010591192310457898, "_timestamp": 1714905133.344985, "_runtime": 3419.7862119674683, "_step": 121, "val_accuracy": 0.8734230445752733}