{"loss": 0.381122350692749, "lr": 1.2041162497128465e-09, "_timestamp": 1714908804.185039, "_runtime": 5621.518136978149, "_step": 199, "val_accuracy": 0.9032800672834315, "_wandb": {"runtime": 5626}}