{"loss": 0.4100489914417267, "lr": 0.0002541736577984219, "_timestamp": 1714905124.1163545, "_runtime": 1941.4494524002075, "_step": 65, "val_accuracy": 0.7804878048780488}