{"loss": 0.37679368257522583, "lr": 0.0001, "_timestamp": 1714907222.9887362, "_runtime": 5553.812367200851, "_step": 199, "val_accuracy": 0.8889823380992431, "_wandb": {"runtime": 5557}}