{"loss": 0.41993606090545654, "lr": 0.0002368124552686961, "_timestamp": 1714905149.9606884, "_runtime": 3480.7843194007874, "_step": 122, "val_accuracy": 0.8801513877207737}