{"loss": 0.3826032280921936, "lr": 0.0001499654592834622, "_timestamp": 1714909648.1797245, "_runtime": 5440.667114496231, "_step": 109, "val_accuracy": 0.7935239697224559}