{"loss": 1.0735076665878296, "lr": 0.0002726411463334087, "_timestamp": 1714905071.498203, "_runtime": 863.9855930805206, "_step": 15, "val_accuracy": 0.6682085786375105}