{"loss": 0.40377339720726013, "lr": 1.2041162497128465e-09, "_timestamp": 1714902989.4250073, "_runtime": 4319.672413349152, "_step": 199, "val_accuracy": 0.8380992430613962, "_wandb": {"runtime": 4323}}