{"loss": 1.174578309059143, "lr": 0.0, "_timestamp": 1714909055.1954281, "_runtime": 5574.6434071063995, "_step": 199, "val_accuracy": 0.4920100925147183, "_wandb": {"runtime": 5573}}