{"loss": 1.2803716659545898, "lr": 3.000000000000046e-282, "_timestamp": 1714905105.1423626, "_runtime": 1624.5903415679932, "_step": 55, "val_accuracy": 0.4945332211942809}