{"loss": 0.46526846289634705, "lr": 0.0002368124552686961, "_timestamp": 1714905152.2686503, "_runtime": 3483.041821241379, "_step": 123, "val_accuracy": 0.8229604709840201}