{"loss": 0.3776863217353821, "lr": 0.0001, "_timestamp": 1714907219.66836, "_runtime": 5550.441530942917, "_step": 199, "val_accuracy": 0.8910849453322119, "_wandb": {"runtime": 5555}}