{"loss": 0.5207542181015015, "lr": 0.00024539904997394196, "_timestamp": 1714905148.8018699, "_runtime": 1324.8771228790283, "_step": 28, "val_accuracy": 0.8528174936921783}