{"loss": 0.39916449785232544, "lr": 0.0002707106781188253, "_timestamp": 1714909696.058523, "_runtime": 5872.133775949478, "_step": 149, "val_accuracy": 0.8587047939444912}