{"loss": 1.3809818029403687, "lr": 0.0, "_timestamp": 1714909702.102038, "_runtime": 5744.067096948624, "_step": 115, "val_accuracy": 0.4343986543313709}