{"loss": 1.3553837537765503, "lr": 1.0000000000000066e-112, "_timestamp": 1714905148.27814, "_runtime": 1190.2431991100311, "_step": 20, "val_accuracy": 0.4373423044575273}