{"loss": 1.208715796470642, "lr": 0.0, "_timestamp": 1714909704.982477, "_runtime": 5981.876515865326, "_step": 121, "val_accuracy": 0.4768713204373423}