{"loss": 1.2048180103302002, "lr": 3.0000000000000235e-143, "_timestamp": 1714905147.8879287, "_runtime": 1424.781967639923, "_step": 26, "val_accuracy": 0.4747687132043734}