{"loss": 0.4131118059158325, "lr": 1.2041162497128465e-09, "_timestamp": 1714902723.1642902, "_runtime": 4293.71178817749, "_step": 199, "val_accuracy": 0.8368376787216149, "_wandb": {"runtime": 4297}}