{"loss": 0.5748591423034668, "lr": 0.00042445400228241373, "_timestamp": 1714895713.691372, "_runtime": 429.78233790397644, "_step": 17, "val_accuracy": 0.7695542472666106, "_wandb": {"runtime": 444}}