{"loss": 0.3667465150356293, "lr": 0.0001, "_timestamp": 1714902047.4226844, "_runtime": 4396.883903503418, "_step": 199, "val_accuracy": 0.8704793944491169, "_wandb": {"runtime": 4400}}