{"loss": 0.3682519495487213, "lr": 1.2041162497128465e-09, "_timestamp": 1714908852.8392296, "_runtime": 5551.854245662689, "_step": 199, "val_accuracy": 0.9037005887300252, "_wandb": {"runtime": 5564}}