{"loss": 0.40938711166381836, "lr": 0.0002578767246930483, "_timestamp": 1714905145.7649343, "_runtime": 1844.7799503803253, "_step": 63, "val_accuracy": 0.8343145500420521}