{"loss": 0.5517855882644653, "lr": 0.00012202456766718558, "_timestamp": 1714905064.278687, "_runtime": 1168.6059339046478, "_step": 19, "val_accuracy": 0.804457527333894}