{"loss": 0.398031622171402, "lr": 0.00011083745712756429, "_timestamp": 1714909639.6561425, "_runtime": 5743.983389377594, "_step": 113, "val_accuracy": 0.8864592094196804}