{"loss": 0.5711606740951538, "lr": 0.00029297764858888153, "_timestamp": 1714905090.8902228, "_runtime": 1267.2020778656006, "_step": 23, "val_accuracy": 0.7447434819175778}