{"loss": 0.4277293086051941, "lr": 0.00029602936856820494, "_timestamp": 1714909681.7440834, "_runtime": 5858.055938482285, "_step": 117, "val_accuracy": 0.8052985702270816}